id;category
50;Đồ Chơi - Mẹ & Bé
50;Dinh dưỡng cho bé
50;Sữa bột cho bé
50;Sữa cho bé trên 24 tháng
14;Thiết Bị Số - Phụ Kiện Số
14;Phụ Kiện Điện Thoại và Máy Tính Bảng
14;Adapter - Củ Sạc
14;Adapter Sạc - Củ Sạc Thường
10;Thiết Bị Số - Phụ Kiện Số
10;Phụ Kiện Điện Thoại và Máy Tính Bảng
10;Adapter - Củ Sạc
10;Adapter Sạc - Củ Sạc Thường
75;Điện Gia Dụng
75;Đồ dùng nhà bếp
75;Bình đun siêu tốc
110;Điện Gia Dụng
110;Đồ dùng nhà bếp
110;Bình đun siêu tốc
109;Điện Gia Dụng
109;Đồ dùng nhà bếp
109;Bình đun siêu tốc
11;Đồ Chơi - Mẹ & Bé
11;Dinh dưỡng cho người lớn
11;Sữa bột chức năng cho người lớn
16;Thiết Bị Số - Phụ Kiện Số
16;Thiết Bị Âm Thanh và Phụ Kiện
16;Tai Nghe Bluetooth
16;Tai Nghe True Wireless
98;Điện Gia Dụng
98;Thiết bị gia đình
98;Bàn ủi
98;bàn là
98;Bàn ủi khô
31;Làm Đẹp - Sức Khỏe
31;Hỗ trợ tình dục
31;Bao cao su
32;Làm Đẹp - Sức Khỏe
32;Hỗ trợ tình dục
32;Bao cao su
71;Điện Gia Dụng
71;Đồ dùng nhà bếp
71;Bình đun siêu tốc
46;Đồ Chơi - Mẹ & Bé
46;Dinh dưỡng cho bé
46;Sữa bột cho bé
46;Sữa cho bé trên 24 tháng
64;Thiết Bị Số - Phụ Kiện Số
64;Phụ kiện máy tính và Laptop
64;Phụ Kiện Phím Chuột Chơi Game
64;Bộ Phím Chuột Chơi Game
64;Bộ bàn phím và chuột không dây Bluetooth có LED RGB thích hợp cho máy tính bảng
65;Thiết Bị Số - Phụ Kiện Số
65;Phụ Kiện Điện Thoại và Máy Tính Bảng
65;Adapter - Củ Sạc
65;Bộ Adapter Sạc Kèm Cáp Sạc
20;Thiết Bị Số - Phụ Kiện Số
20;Phụ Kiện Điện Thoại và Máy Tính Bảng
20;Dây Sạc - Dây Cáp
20;Dây Cáp Sạc iPhone
20;iPad
112;Làm Đẹp - Sức Khỏe
112;Chăm sóc da mặt
112;Tẩy tế bào chết
112;Tẩy tế bào chết vật lí
66;Thiết Bị Số - Phụ Kiện Số
66;Phụ Kiện Điện Thoại và Máy Tính Bảng
66;Dây Sạc - Dây Cáp
66;Dây Cáp Sạc iPhone
66;iPad
66;Cáp sạc USB to IP iCybernet IC-1001 sạc 2.4A và truyền dữ liệu đồng thời
66;chiều dà
82;Thiết Bị Số - Phụ Kiện Số
82;Phụ kiện máy tính và Laptop
82;Phụ Kiện Phím Chuột Văn Phòng
82;Chuột Văn Phòng
82;Chuột Văn Phòng Có Dây
60;Thiết Bị Số - Phụ Kiện Số
60;Phụ kiện máy tính và Laptop
60;Phụ Kiện Phím Chuột Văn Phòng
60;Chuột Văn Phòng
60;Chuột Văn Phòng Không Dây
60;Chuột không dây Bluetooth
60;chuột máy tính HXSJ M107B chống ồn
99;Thiết Bị Số - Phụ Kiện Số
99;Phụ kiện máy tính và Laptop
99;Phụ Kiện Phím Chuột Văn Phòng
99;Chuột Văn Phòng
99;Chuột Văn Phòng Không Dây
99;Chuột Không Dây Bluetooth PIX-LINK P100B Chống Ồn
99;DPI 1600
99;C
61;Thiết Bị Số - Phụ Kiện Số
61;Phụ kiện máy tính và Laptop
61;Phụ Kiện Phím Chuột Văn Phòng
61;Chuột Văn Phòng
61;Chuột Văn Phòng Không Dây
61;Chuột không dây HXSJ M107 wireless 2.4Ghz sạc pin
61;chồng ồn
61;D
79;Thiết Bị Số - Phụ Kiện Số
79;Phụ kiện máy tính và Laptop
79;Phụ Kiện Phím Chuột Văn Phòng
79;Chuột Văn Phòng
79;Chuột Văn Phòng Không Dây
79;Chuột không dây Logitech B175 - đầu thu USB 2.4Ghz
79;pin 1 năm
80;Thiết Bị Số - Phụ Kiện Số
80;Phụ kiện máy tính và Laptop
80;Phụ Kiện Phím Chuột Văn Phòng
80;Chuột Văn Phòng
80;Chuột Văn Phòng Không Dây
77;Thiết Bị Số - Phụ Kiện Số
77;Phụ kiện máy tính và Laptop
77;Phụ Kiện Phím Chuột Văn Phòng
77;Chuột Văn Phòng
77;Chuột Văn Phòng Không Dây
81;Thiết Bị Số - Phụ Kiện Số
81;Phụ kiện máy tính và Laptop
81;Phụ Kiện Phím Chuột Văn Phòng
81;Chuột Văn Phòng
81;Chuột Văn Phòng Không Dây
78;Thiết Bị Số - Phụ Kiện Số
78;Phụ kiện máy tính và Laptop
78;Phụ Kiện Phím Chuột Văn Phòng
78;Chuột Văn Phòng
78;Chuột Văn Phòng Không Dây
13;Đồ Chơi - Mẹ & Bé
13;Dinh dưỡng cho người lớn
13;Sữa bột chức năng cho người lớn
24;Đồ Chơi - Mẹ & Bé
24;Tã
24;Bỉm
24;Khăn giấy ướt cho bé
49;Đồ Chơi - Mẹ & Bé
49;Đồ chơi
49;Trò chơi trí tuệ
103;Làm Đẹp - Sức Khỏe
103;Chăm sóc tóc và da đầu
103;Dầu gội
103;dầu xả
103;Dầu Gội
103;Dầu gội sạch gàu
103;Dầu gội Selsun chống gàu
8;Thiết Bị Số - Phụ Kiện Số
8;Phụ Kiện Điện Thoại và Máy Tính Bảng
8;Dây Sạc - Dây Cáp
8;Dây Cáp Sạc Đa Năng
113;Thiết Bị Số - Phụ Kiện Số
113;Phụ Kiện Điện Thoại và Máy Tính Bảng
113;Dây Đeo và Phụ Kiện Trang Trí
113;Dây dán tiên lợi Velcro làm gọn dây sạc
113;dây tai nghe
6;Thiết Bị Số - Phụ Kiện Số
6;Thiết Bị Đeo Thông Minh và Phụ Kiện
6;Phụ Kiện Thiết Bị Đeo Thông Minh
6;Adapter Sạc - Cáp Sạc Cho Thiết Bị Đeo
6;Cáp đồng hồ thông minh
6;Dây sạc Cáp sạc Nam châm Đồng h
7;Thiết Bị Số - Phụ Kiện Số
7;Thiết Bị Đeo Thông Minh và Phụ Kiện
7;Đồng Hồ Thông Minh
9;Thiết Bị Số - Phụ Kiện Số
9;Thiết Bị Đeo Thông Minh và Phụ Kiện
9;Đồng Hồ Thông Minh
33;Làm Đẹp - Sức Khỏe
33;Hỗ trợ tình dục
33;Gel bôi trơn
100;Thiết Bị Số - Phụ Kiện Số
100;Phụ kiện máy tính và Laptop
100;Phụ Kiện Laptop
100;Giá Đỡ Laptop
100;Giá Đỡ cho Laptop Nhôm Gấp Gọn
100;Laptop Stand Dùng Cho Máy Từ 11~15 inch
1;Làm Đẹp - Sức Khỏe
1;Chăm sóc da mặt
1;Bông tẩy trang
1;Giấy thấm dầu kiểm soát nhờn
102;Thiết Bị Số - Phụ Kiện Số
102;Thiết Bị Âm Thanh và Phụ Kiện
102;Tai Nghe Bluetooth
102;Tai Nghe Bluetooth Chụp Tai Over-Ear
47;Đồ Chơi - Mẹ & Bé
47;Dinh dưỡng cho bé
47;Nước trái cây cho bé
47;Hoa Quả Nghiền FRUTO Nga Organic Bổ Sung Chất Xơ
47;Vitamin
44;Thiết Bị Số - Phụ Kiện Số
44;Phụ kiện máy tính và Laptop
44;Các Loại Cáp Chuyển Đổi
44;Hub Chuyển Đổi USB Type-C
44;Hub Type-C To HDMI FIRO 6in1 Chuẩn HDTV - Hub Chuyển Đổi Type-C Chia 6 Cổng - 1 Cổng
45;Thiết Bị Số - Phụ Kiện Số
45;Phụ kiện máy tính và Laptop
45;Các Loại Cáp Chuyển Đổi
45;Hub USB
45;Hub USB 3.0 FIRO Và Hub Type C FIRO - Bộ Chia Cổng USB FIRO - HUB Chuyển Đổi Dành Cho Laptop
45;PC - Hỗ
114;Thiết Bị Số - Phụ Kiện Số
114;Phụ Kiện Điện Thoại và Máy Tính Bảng
114;Miếng dán màn hình
114;Miếng Dán Màn Hình Điện Thoại
114;Kính Cường Lực KingKong Có Khung Tự Dán
114;Ngăn Bụi Loa Dành Cho iPhone - Full
104;Điện Gia Dụng
104;Đồ dùng nhà bếp
104;Lò vi sóng
104;Lò vi sóng cơ
48;Đồ Chơi - Mẹ & Bé
48;Dinh dưỡng cho người lớn
48;Sữa bột chức năng cho người lớn
62;Thiết Bị Số - Phụ Kiện Số
62;Phụ kiện máy tính và Laptop
62;Bàn Di Chuột - Miếng Lót Chuột
62;Lót chuột HXSJ cao su siêu bền
63;Thiết Bị Số - Phụ Kiện Số
63;Phụ kiện máy tính và Laptop
63;Bàn Di Chuột - Miếng Lót Chuột
25;Điện Gia Dụng
25;Thiết bị gia đình
25;Thiết bị chăm sóc cá nhân
25;Máy ép
25;duỗi tóc
25;Lược điện chải thẳng tóc ion âm BOORUI ZF 888 - Model LCD cao cấp
25;tạo kiểu chuyên nghiệp máy uốn duỗi tóc
25;máy l
96;Điện Gia Dụng
96;Thiết bị gia đình
96;Thiết bị chăm sóc cá nhân
96;Máy cạo râu
97;Điện Gia Dụng
97;Thiết bị gia đình
97;Thiết bị chăm sóc cá nhân
97;Máy cạo râu
29;Điện Gia Dụng
29;Thiết bị gia đình
29;Máy hút bụi
29;Hút bụi cầm tay
30;Điện Gia Dụng
30;Thiết bị gia đình
30;Máy hút bụi
30;Hút bụi cầm tay
72;Điện Gia Dụng
72;Đồ dùng nhà bếp
72;Máy làm bánh
107;Điện Gia Dụng
107;Thiết bị gia đình
107;Máy lọc không khí
21;Điện Gia Dụng
21;Đồ dùng nhà bếp
21;Máy pha cà phê
21;Máy pha cà phê gia đình
36;Điện Gia Dụng
36;Thiết bị gia đình
36;Thiết bị chăm sóc cá nhân
36;Máy sấy tóc
83;Điện Gia Dụng
83;Thiết bị gia đình
83;Thiết bị chăm sóc cá nhân
83;Máy sấy tóc
26;Đồ Chơi - Mẹ & Bé
26;Tã
26;Bỉm
26;Tã bỉm dành cho người lớn
26;Miếng lót dành cho người lớn
70;Thiết Bị Số - Phụ Kiện Số
70;Phụ kiện máy tính và Laptop
70;Bàn Di Chuột - Miếng Lót Chuột
70;Miếng Lót Chuột Da Kai.N Mouse Pad Leather
70;Chống Thấm
70;Da Mềm
70;Siêu Mịn
69;Thiết Bị Số - Phụ Kiện Số
69;Phụ kiện máy tính và Laptop
69;Bàn Di Chuột - Miếng Lót Chuột
12;Đồ Chơi - Mẹ & Bé
12;Dinh dưỡng cho người lớn
12;Sữa bột chức năng cho người lớn
108;Điện Gia Dụng
108;Đồ dùng nhà bếp
108;Nồi điện các loại
108;Nồi chiên
35;Điện Gia Dụng
35;Đồ dùng nhà bếp
35;Nồi điện các loại
35;Nồi áp suất điện
73;Điện Gia Dụng
73;Đồ dùng nhà bếp
73;Nồi điện các loại
73;Nồi chiên
76;Điện Gia Dụng
76;Đồ dùng nhà bếp
76;Nồi điện các loại
76;Nồi chiên
105;Điện Gia Dụng
105;Đồ dùng nhà bếp
105;Nồi điện các loại
105;Nồi cơm điện
105;Nồi cơm nắp gài
74;Điện Gia Dụng
74;Đồ dùng nhà bếp
74;Nồi điện các loại
74;Nồi đa năng
74;Nồi điện đa năng Locknlock Electric multi pot EJP436IVY 220V
74;50Hz
74;600W
34;Điện Gia Dụng
34;Đồ dùng nhà bếp
34;Nồi điện các loại
34;Nồi tiềm
34;nồi nấu cháo
34;Nồi nấu chậm
34;nấu cháo
2;Làm Đẹp - Sức Khỏe
2;Chăm sóc da mặt
2;Bông tẩy trang
68;Điện Gia Dụng
68;Thiết bị gia đình
68;Quạt điện
68;Quạt mini
111;Điện Gia Dụng
111;Thiết bị gia đình
111;Quạt điện
111;Quạt sạc
27;Điện Gia Dụng
27;Thiết bị gia đình
27;Quạt điện
27;Quạt mini
27;Quạt mini để bàn
27;quạt tích điện usb CTFAST M102 - Quạt cầm tay 3 tốc độ
27;điều chỉnh hướng gió 360 độ
27;không gây ồn
28;Điện Gia Dụng
28;Thiết bị gia đình
28;Quạt điện
28;Quạt mini
28;Quạt mini để bàn
28;quạt USB tích điện cầm tay CTFAST - M109 : Thiết kế thông minh 3 tốc độ làm mát
28;chất liệu cao cấp bền bỉ
28;điều chỉnh
17;Đồ Chơi - Mẹ & Bé
17;Dinh dưỡng cho bé
17;Sữa bột cho bé
17;Sữa cho bé dưới 24 tháng
18;Đồ Chơi - Mẹ & Bé
18;Dinh dưỡng cho bé
18;Sữa bột cho bé
18;Sữa cho bé dưới 24 tháng
18;Sản phẩm dinh dưỡng công thức Aptamil Profutura Cesarbiotik 2 Follow On Formula (Dành cho trẻ từ 12 -24 tháng tu
92;Đồ Chơi - Mẹ & Bé
92;Đồ dùng cho bé
92;Đồ dùng bảo vệ bé
92;Dụng cụ chặn & bịt góc
92;Khóa bảo vệ các loại
95;Đồ Chơi - Mẹ & Bé
95;Dinh dưỡng cho bé
95;Sữa bột cho bé
95;Sữa cho bé trên 24 tháng
94;Đồ Chơi - Mẹ & Bé
94;Dinh dưỡng cho bé
94;Sữa bột cho bé
94;Sữa cho bé trên 24 tháng
40;Đồ Chơi - Mẹ & Bé
40;Dinh dưỡng cho bé
40;Sữa bột cho bé
40;Sữa cho bé trên 24 tháng
39;Đồ Chơi - Mẹ & Bé
39;Dinh dưỡng cho bé
39;Sữa bột cho bé
39;Sữa cho bé dưới 24 tháng
37;Đồ Chơi - Mẹ & Bé
37;Dinh dưỡng cho bé
37;Sữa bột cho bé
37;Sữa cho bé dưới 24 tháng
38;Đồ Chơi - Mẹ & Bé
38;Dinh dưỡng cho bé
38;Sữa bột cho bé
38;Sữa cho bé dưới 24 tháng
41;Đồ Chơi - Mẹ & Bé
41;Dinh dưỡng cho bé
41;Sữa bột cho bé
41;Sữa cho bé dưới 24 tháng
86;Đồ Chơi - Mẹ & Bé
86;Dinh dưỡng cho bé
86;Sữa bột cho bé
86;Sữa cho bé dưới 24 tháng
87;Đồ Chơi - Mẹ & Bé
87;Dinh dưỡng cho bé
87;Sữa bột cho bé
87;Sữa cho bé dưới 24 tháng
88;Đồ Chơi - Mẹ & Bé
88;Dinh dưỡng cho bé
88;Sữa bột cho bé
88;Sữa cho bé dưới 24 tháng
89;Đồ Chơi - Mẹ & Bé
89;Dinh dưỡng cho bé
89;Sữa bột cho bé
89;Sữa cho bé dưới 24 tháng
90;Đồ Chơi - Mẹ & Bé
90;Dinh dưỡng cho bé
90;Sữa bột cho bé
90;Sữa cho bé dưới 24 tháng
93;Làm Đẹp - Sức Khỏe
93;Chăm sóc da mặt
93;Sữa rửa mặt
3;Làm Đẹp - Sức Khỏe
3;Chăm sóc da mặt
3;Sữa rửa mặt
4;Làm Đẹp - Sức Khỏe
4;Chăm sóc da mặt
4;Sữa rửa mặt
57;Đồ Chơi - Mẹ & Bé
57;Tã
57;Bỉm
57;Tã dán
58;Đồ Chơi - Mẹ & Bé
58;Tã
58;Bỉm
58;Tã dán
53;Đồ Chơi - Mẹ & Bé
53;Tã
53;Bỉm
53;Tã quần
59;Đồ Chơi - Mẹ & Bé
59;Tã
59;Bỉm
59;Tã quần
54;Đồ Chơi - Mẹ & Bé
54;Tã
54;Bỉm
54;Tã quần
56;Đồ Chơi - Mẹ & Bé
56;Tã
56;Bỉm
56;Tã quần
15;Thiết Bị Số - Phụ Kiện Số
15;Thiết Bị Âm Thanh và Phụ Kiện
15;Tai Nghe Có Dây
15;Tai Nghe Có Dây Nhét Tai
19;Thiết Bị Số - Phụ Kiện Số
19;Thiết Bị Âm Thanh và Phụ Kiện
19;Tai Nghe Có Dây
19;Tai Nghe Có Dây Nhét Tai
106;Thiết Bị Số - Phụ Kiện Số
106;Thiết Bị Âm Thanh và Phụ Kiện
106;Tai Nghe Bluetooth
106;Tai Nghe Bluetooth Chụp Tai On-Ear
101;Thiết Bị Số - Phụ Kiện Số
101;Thiết Bị Âm Thanh và Phụ Kiện
101;Tai Nghe Có Dây
101;Tai Nghe Có Dây Nhét Tai
67;Thiết Bị Số - Phụ Kiện Số
67;Thiết Bị Âm Thanh và Phụ Kiện
67;Tai Nghe Có Dây
67;Tai Nghe Có Dây Nhét Tai
84;Đồ Chơi - Mẹ & Bé
84;Dinh dưỡng cho bé
84;Sữa bột cho bé
84;Sữa cho bé trên 24 tháng
85;Đồ Chơi - Mẹ & Bé
85;Dinh dưỡng cho bé
85;Sữa bột cho bé
85;Sữa cho bé trên 24 tháng
91;Đồ Chơi - Mẹ & Bé
91;Dinh dưỡng cho bé
91;Sữa bột cho bé
91;Sữa cho bé trên 24 tháng
22;Đồ Chơi - Mẹ & Bé
22;Tã
22;Bỉm
22;Tã quần
23;Đồ Chơi - Mẹ & Bé
23;Tã
23;Bỉm
23;Tã quần
43;Đồ Chơi - Mẹ & Bé
43;Dinh dưỡng cho người lớn
43;Sữa bột chức năng cho người lớn
42;Đồ Chơi - Mẹ & Bé
42;Dinh dưỡng cho người lớn
42;Sữa nước chức năng cho người lớn
52;Đồ Chơi - Mẹ & Bé
52;Tã
52;Bỉm
52;Tã dán
55;Đồ Chơi - Mẹ & Bé
55;Tã
55;Bỉm
55;Tã dán
51;Đồ Chơi - Mẹ & Bé
51;Dinh dưỡng cho bé
51;Sữa công thức pha sẵn cho bé
5;Làm Đẹp - Sức Khỏe
5;Chăm sóc cơ thể
5;Tắm và dụng cụ tắm
5;Xà phòng tắm
