seller_url,id
https://tiki.vn/cua-hang/ama-store?source_screen=product_detail&source_engine=organic,1
https://tiki.vn/cua-hang/art-h-store?source_screen=product_detail&source_engine=organic,2
https://tiki.vn/cua-hang/az-house?source_screen=product_detail&source_engine=organic,3
https://tiki.vn/cua-hang/damas-official-store-?source_screen=product_detail&source_engine=organic,4
https://tiki.vn/cua-hang/firo-official-store?source_screen=product_detail&source_engine=organic,5
https://tiki.vn/cua-hang/ghe-nam-viet?source_screen=product_detail&source_engine=organic,6
https://tiki.vn/cua-hang/huy-hung-afast?source_screen=product_detail&source_engine=organic,7
https://tiki.vn/cua-hang/icybernet?source_screen=product_detail&source_engine=organic,8
https://tiki.vn/cua-hang/kidos?source_screen=product_detail&source_engine=organic,9
https://tiki.vn/cua-hang/lien-minh-1974?source_screen=product_detail&source_engine=organic,10
https://tiki.vn/cua-hang/logitech-official-store?source_screen=product_detail&source_engine=organic,11
https://tiki.vn/cua-hang/phu-kien-cho-ban-07?source_screen=product_detail&source_engine=organic,12
https://tiki.vn/cua-hang/pixlink-office-store?source_screen=product_detail&source_engine=organic,13
https://tiki.vn/cua-hang/tadavietnam?source_screen=product_detail&source_engine=organic,14
https://tiki.vn/cua-hang/taka-phu-kien-so?source_screen=product_detail&source_engine=organic,15
https://tiki.vn/cua-hang/tamayoko-official?source_screen=product_detail&source_engine=organic,16
https://tiki.vn/cua-hang/tiki-trading?source_screen=product_detail&source_engine=organic,17
https://tiki.vn/cua-hang/ugreen-official-store?source_screen=product_detail&source_engine=organic,18
NA,19
