id,product_url
1,https://tiki.vn/giay-tham-dau-kiem-soat-nhon-ngua-mun-acnes-oil-remover-paper-100-to-p1634981.html?spid=10862722                                                                                                                                                                                                             
2,https://tiki.vn/phim-tham-dau-acnes-oil-remover-film-50-to-p1634983.html?spid=10862503                                                                                                                                                                                                                                       
3,https://tiki.vn/sua-rua-mat-kiem-soat-nhon-ngan-ngua-mun-dang-gel-acnes-oil-control-cleanser-100g-p10640154.html?spid=10862885                                                                                                                                                                                               
4,https://tiki.vn/sua-rua-mat-ngan-ngua-mun-acnes-creamy-wash-100g-p25108217.html?spid=25108218                                                                                                                                                                                                                                
5,https://tiki.vn/xa-phong-tri-mun-lung-va-rua-mat-acnes-washing-bar-75g-p188116913.html?spid=188116914                                                                                                                                                                                                                        
6,https://tiki.vn/day-sac-cap-sac-nam-cham-dong-ho-thong-minh-q12-q16-q19-q100-td26-a28-ds60-ds66-y95-d06-df39-hang-nhap-khau-p68985833.html?spid=75432935                                                                                                                                                                     
7,https://tiki.vn/dong-ho-thong-minh-android-lap-sim-4g-nghe-goi-doc-lap-dinh-vi-google-map-man-hinh-tron-co-chplay-tai-app-camera-kep-5-0-ket-noi-wifi-loa-tai-nghe-bluetooth-theo-doi-suc-khoe-van-dong-danh-cho-tre-em-nam-hoc-sinh-nguoi-lon-model-h10-2023-hang-nhap-khau-p273880674.html?spid=273697142                  
8,https://tiki.vn/day-cap-sac-dong-ho-thong-minh-tk-s9-cd99-s16-hinh-tron-2-4-loi-sac-nhanh-truyen-du-lieu-ket-noi-may-tinh-hang-nhap-khau-p274388406.html?spid=274388410                                                                                                                                                      
9,https://tiki.vn/dong-ho-thong-minh-tre-em-chong-nuoc-chuan-ip67-ama-watch-q16s-hang-chinh-hang-p192977208.html?spid=193710186                                                                                                                                                                                                
10,https://tiki.vn/adapter-sac-anker-511-charger-nano-3-30w-1-cong-type-c-a2147-hang-chinh-hang-p199525542.html?spid=199525550                                                                                                                                                                                                  
11,https://tiki.vn/anlene5x-tang-them-100g-cho-lon-800g-sua-bot-anlene-gold-5x-huong-vani-lon-900g-p274751394.html?spid=274751395                                                                                                                                                                                               
12,https://tiki.vn/moi-sua-bot-bo-sung-dinh-duong-anlene-total-10-lon-800g-tang-noi-inox-p275830028.html?spid=275830030                                                                                                                                                                                                         
13,https://tiki.vn/combo-2-sua-bot-anlene-gold-3x-huong-vanilla-hop-giay-1200g-tang-bo-khan-tam-khan-mat-mau-ngau-nhien-p187186772.html?spid=187186773                                                                                                                                                                          
14,https://tiki.vn/adapter-sac-1-cong-usb-type-c-20w-apple-p123836523.html?spid=71523845                                                                                                                                                                                                                                        
15,https://tiki.vn/tai-nghe-apple-earpods-cong-usb-c-mtjy3-p272420799.html?spid=272420800                                                                                                                                                                                                                                       
16,https://tiki.vn/apple-airpods-3-2022-sac-lightning-mpny3-p197665885.html?spid=197665886                                                                                                                                                                                                                                      
17,https://tiki.vn/san-pham-dinh-duong-cong-thuc-aptamil-profutura-cesarbiotik-1-infant-formula-danh-cho-tre-tu-0-12-thang-tuoi-800g-p274533823.html?spid=274533825                                                                                                                                                             
18,https://tiki.vn/san-pham-dinh-duong-cong-thuc-aptamil-profutura-cesarbiotik-2-follow-on-formula-danh-cho-tre-tu-12-24-thang-tuoi-800g-p274727852.html?spid=274727854                                                                                                                                                         
19,https://tiki.vn/tai-nghe-baseus-encok-3-5mm-lateral-in-ear-wired-earphone-h17-hang-chinh-hang-p181185263.html?spid=271974472                                                                                                                                                                                                 
20,https://tiki.vn/ca-p-sa-c-nhanh-pd20w-truye-n-du-lie-u-baseus-metal-data-type-c-sang-iphone-2-size-ha-ng-chi-nh-ha-ng-p109455098.html?spid=243034990                                                                                                                                                                         
21,https://tiki.vn/may-pha-ca-phe-bear-sb-cf06a-hang-chinh-hang-p263967937.html?spid=270701841                                                                                                                                                                                                                                  
22,https://tiki.vn/tang-them-6-mieng-ta-quan-bobby-loi-nen-than-ky-3mm-gao-non-xl62-p235856165.html?spid=235856166                                                                                                                                                                                                              
23,https://tiki.vn/tang-them-6-mieng-ta-quan-bobby-loi-nen-than-ky-3mm-gao-non-xxl56-p235856163.html?spid=235856164                                                                                                                                                                                                             
24,https://tiki.vn/combo-tiet-kiem-6-goi-khan-uot-bobby-care-khong-huong-100-mieng-goi-p59143353.html?spid=59143354                                                                                                                                                                                                             
25,https://tiki.vn/luoc-dien-chai-thang-toc-ion-am-boorui-zf-888-model-lcd-cao-cap-tao-kieu-chuyen-nghiep-may-uon-duoi-toc-may-lam-xoan-ep-thang-khong-so-bong-khong-ton-thuong-da-p203128148.html?spid=203128150                                                                                                               
26,https://tiki.vn/mieng-lot-bo-sung-caryn-danh-cho-nguoi-lon-20m-20-mieng-p206622901.html?spid=206622902                                                                                                                                                                                                                       
27,https://tiki.vn/quat-mini-de-ban-quat-tich-dien-usb-ctfast-m102-quat-cam-tay-3-toc-do-dieu-chinh-huong-gio-360-do-khong-gay-on-pin-sac-dung-luong-cao-hang-chinh-hang-p104908436.html?spid=104908440                                                                                                                         
28,https://tiki.vn/quat-mini-de-ban-quat-usb-tich-dien-cam-tay-ctfast-m105i-thiet-ke-thong-minh-3-toc-do-lam-mat-chat-lieu-cao-cap-ben-bi-dieu-chinh-360-do-khong-gay-on-pin-sac-1200mah-de-dang-mang-theo-su-dung-hang-chinh-hang-p104850983.html?spid=185225550                                                               
29,https://tiki.vn/may-hut-bui-cam-tay-khong-day-damas-xc628-chinh-hang-p72825272.html?spid=72825416                                                                                                                                                                                                                            
30,https://tiki.vn/may-hut-bui-cam-tay-khong-day-su-dung-pin-sac-damas-da113c-hang-chinh-hang-p221044081.html?spid=221044085                                                                                                                                                                                                    
31,https://tiki.vn/bao-cao-su-durex-invisible-extra-thin-extra-sensitive-1-hop-10-bao-p1672157.html?spid=1115608                                                                                                                                                                                                                
32,https://tiki.vn/bao-cao-su-durex-kingtex-12-bao-p767101.html?spid=1115606                                                                                                                                                                                                                                                    
33,https://tiki.vn/gel-boi-tron-durex-k-y-jelly-50g-ky-jelly-p1537315.html?spid=1537389                                                                                                                                                                                                                                         
34,https://tiki.vn/noi-nau-cham-1l-elmich-sce-8524ol-hang-chinh-hang-p273561794.html?spid=273594901                                                                                                                                                                                                                             
35,https://tiki.vn/noi-ap-suat-elmich-pce-1805-dung-tich-2-5l-hang-chinh-hang-p275515112.html?spid=193570412                                                                                                                                                                                                                    
36,https://tiki.vn/may-say-toc-elmich-hde-1823-hang-chinh-hang-p273358116.html?spid=273463949                                                                                                                                                                                                                                   
37,https://tiki.vn/sua-bot-enfagrow-a2-neuropro-3-danh-cho-tre-tu-1-6-tuoi-800g-p190702377.html?spid=190702378                                                                                                                                                                                                                  
38,https://tiki.vn/sua-bot-enfamil-a-neuropro-2-voi-2-fl-hmo-cho-tre-tu-6-12-thang-tuoi-1-7kg-p115483434.html?spid=115483436                                                                                                                                                                                                    
39,https://tiki.vn/sua-bot-enfagrow-a-neuropro-3-voi-2-fl-hmo-cho-tre-tu-1-3-tuoi-2-2kg-p115483206.html?spid=115483208                                                                                                                                                                                                          
40,https://tiki.vn/sua-bot-enfagrow-a-neuropro-3-voi-2-fl-hmo-cho-tre-tu-1-3-tuoi-1-7kg-p115483204.html?spid=115483205                                                                                                                                                                                                          
41,https://tiki.vn/sua-bot-enfamil-a-neuropro-2-voi-2-fl-hmo-cho-tre-tu-6-12-thang-tuoi-830g-p115483435.html?spid=115483437                                                                                                                                                                                                     
42,https://tiki.vn/thung-24-chai-sua-nuoc-abbott-ensure-237ml-p685882.html?spid=685932                                                                                                                                                                                                                                          
43,https://tiki.vn/thuc-pham-dinh-duong-y-hoc-ensure-gold-800g-850g-p274032614.html?spid=274032617                                                                                                                                                                                                                              
44,https://tiki.vn/hub-type-c-to-hdmi-firo-6in1-hub-chuyen-doi-type-c-chia-6-cong-1-cong-hdmi-4k-2-cong-usb-3-0-2-khe-doc-the-tf-va-sd-1-cong-sac-nhanh-type-c-pd-ket-noi-toc-do-cao-dung-cho-smartphone-laptop-pc-tivi-playstation-hang-chinh-hang-p263433314.html?spid=263433315                                              
45,https://tiki.vn/hub-usb-3-0-firo-va-hub-type-c-firo-bo-chia-cong-usb-firo-hub-chuyen-doi-danh-cho-macbook-pro-laptop-pc-ho-tro-sac-pin-ket-noi-da-nang-o-cung-ban-phim-chuot-may-in-thiet-bi-o-chia-usb-firo-type-c-adapter-4in1-hang-chinh-hang-p262034792.html?spid=262034793                                              
46,https://tiki.vn/bo-2-hop-sua-bot-friso-gold-4-1400g-danh-cho-tre-tu-2-6-tuoi-tang-lon-sua-friso-gold-4-380g-p97551646.html?spid=97551647                                                                                                                                                                                     
47,https://tiki.vn/hoa-qua-nghien-fruto-nga-organic-bo-sung-chat-xo-vitamin-khong-gmo-90g-p275891588.html?spid=275892260                                                                                                                                                                                                        
48,https://tiki.vn/lon-sua-glucerna-800g-tang-1-hop-dung-thuc-an-p274679160.html?spid=274679161                                                                                                                                                                                                                                 
49,https://tiki.vn/con-lan-tao-phep-tinh-toan-hoc-cong-tru-nhan-chia-cho-be-hoc-toan-tieu-hoc-grofa-tang-kem-1-hu-muc-du-phong-mau-hoa-tiet-ngau-nhien-p206073387.html?spid=206073395                                                                                                                                           
50,https://tiki.vn/1-lon-grow-6-850g-tang-01-summer-towel-khan-choang-cho-be-p276119267.html?spid=276119268                                                                                                                                                                                                                     
51,https://tiki.vn/thung-48-hop-sua-nuoc-abbott-grow-gold-huong-vani-180ml-tang-combo-bao-gom-01-quat-cam-tay-01-khan-choang-mua-he-grow-p276119293.html?spid=276119294                                                                                                                                                         
52,https://tiki.vn/thung-3-goi-ta-bim-dan-so-sinh-huggies-skin-perfect-s-54-6-mieng-voi-2-vung-tham-giam-kich-ung-da-p274091852.html?spid=274091860                                                                                                                                                                             
53,https://tiki.vn/ta-bim-quan-huggies-skin-care-mega-jumbo-xl84-4-mieng-voi-tram-tra-diu-da-p275220816.html?spid=275220817                                                                                                                                                                                                     
54,https://tiki.vn/ta-bim-quan-huggies-skin-care-super-jumbo-xxl54-mieng-voi-tram-tra-diu-da-p275220783.html?spid=275220787                                                                                                                                                                                                     
55,https://tiki.vn/thung-3-goi-ta-bim-dan-so-sinh-huggies-skin-perfectnb-70-6-mieng-voi-2-vung-tham-giam-kich-ung-da-p274091856.html?spid=274091864                                                                                                                                                                             
56,https://tiki.vn/ta-quan-huggies-skin-care-super-jumbo-l68-6-mieng-voi-tram-tra-diu-da-p276081279.html?spid=276081280                                                                                                                                                                                                         
57,https://tiki.vn/ta-bim-dan-so-sinh-huggies-skin-perfect-m-76-3-mieng-voi-2-vung-tham-giam-kich-ung-da-p274058660.html?spid=274058662                                                                                                                                                                                         
58,https://tiki.vn/ta-bim-dan-so-sinh-huggies-skin-perfect-s-80-2-mieng-voi-2-vung-tham-giam-kich-ung-da-p274058672.html?spid=274058673                                                                                                                                                                                         
59,https://tiki.vn/ta-bim-quan-huggies-skin-care-super-jumbo-m76-mieng-voi-tram-tra-diu-da-p275220789.html?spid=275220792                                                                                                                                                                                                       
60,https://tiki.vn/chuot-khong-day-bluetooth-chuot-may-tinh-hxsj-m107b-chong-on-dpi-1600-che-do-kep-wireless-usb-2-4ghz-bluetooth-chuyen-dung-cho-laptop-may-tinh-tivi-hang-chinh-hang-p116725239.html?spid=116725247                                                                                                           
61,https://tiki.vn/chuot-khong-day-hxsj-m107-wireless-2-4ghz-sac-pin-chong-on-dip1600-chuyen-dung-cho-may-tinh-laptop-tivi-hang-chinh-hang-p116566083.html?spid=116566089                                                                                                                                                       
62,https://tiki.vn/lot-chuot-hxsj-cao-su-sieu-ben-sieu-nhe-hang-chinh-hang-p276135518.html?spid=276135519                                                                                                                                                                                                                       
63,https://tiki.vn/lot-chuot-hxsj-kich-thuoc-22x18-cm-co-de-cao-su-chong-truot-cao-cap-p189363615.html?spid=189363616                                                                                                                                                                                                           
64,https://tiki.vn/bo-ban-phim-va-chuot-khong-day-bluetooth-co-led-rgb-thich-hop-cho-may-tinh-bang-ipad-dien-thoai-di-dong-hang-chinh-hang-p275069081.html?spid=275069222                                                                                                                                                       
65,https://tiki.vn/bo-sac-nhanh-ip-cong-suat-20w-chuan-pd-icybernet-ic-3001-c-to-l-cho-ip14-tro-xuong-hang-chinh-hang-p273908702.html?spid=273908703                                                                                                                                                                            
66,https://tiki.vn/cap-sac-usb-to-ip-icybernet-ic-1001-sac-2-4a-va-truyen-du-lieu-dong-thoi-chieu-dai-1-2m-hang-chinh-hang-p273906522.html?spid=273906523                                                                                                                                                                       
67,https://tiki.vn/tai-nghe-nhet-tai-co-micro-jbl-c200si-hang-chinh-hang-p214168962.html?spid=214168963                                                                                                                                                                                                                         
68,https://tiki.vn/quat-cam-tay-mini-jisulife-fa42-sieu-mat-sac-nhanh-pin-2000-4500mah-su-dung-den-6h-12h-hang-chinh-hang-bh-12t-p276143120.html?spid=276151331                                                                                                                                                                 
69,https://tiki.vn/mieng-lot-chuot-kai-hinh-tron-sieu-de-thuong-nhieu-mau-moi_-hang-chinh-hang-p275316800.html?spid=275316808                                                                                                                                                                                                   
70,https://tiki.vn/mieng-lot-chuot-da-kai-n-mouse-pad-leather-chong-tham-da-mem-sieu-min-size-270x210mm-p213701520.html?spid=213701524                                                                                                                                                                                          
71,https://tiki.vn/binh-dun-sieu-toc-2-lop-lock-lock-ejk738wht-1-7-lit-trang-hang-chinh-hang-p3480333.html?spid=3480335                                                                                                                                                                                                         
72,https://tiki.vn/may-kep-nuong-banh-locknlock-ejb126ivy-600w-hang-chinh-hang-p271423054.html?spid=271423055                                                                                                                                                                                                                   
73,https://tiki.vn/noi-chien-khong-dau-dien-tu-lock-lock-ejf296blk-7-2-lit-kem-chao-nuong-hang-chinh-hang-p71159586.html?spid=71159587                                                                                                                                                                                          
74,https://tiki.vn/noi-dien-da-nang-locknlock-electric-multi-pot-ejp436ivy-220v-50hz-600w-1-5l-mau-nga-hang-chinh-hang-p242747639.html?spid=242747640                                                                                                                                                                           
75,https://tiki.vn/am-dien-thuy-tinh-sieu-toc-co-dieu-chinh-nhiet-do-lock-lock-ejk341-1-8l-hang-chinh-hang-p4701559.html?spid=4701561                                                                                                                                                                                           
76,https://tiki.vn/noi-chien-khong-dau-dien-tu-lock-lock-ejf357blk-5-2-lit-hang-chinh-hang-p36626940.html?spid=36626941                                                                                                                                                                                                         
77,https://tiki.vn/chuot-khong-day-logitech-m220-silent-plus-hang-chinh-hang-p10198980.html?spid=190252114                                                                                                                                                                                                                      
78,https://tiki.vn/chuot-khong-day-logitech-m331-cong-usb-hang-chinh-hang-p274990556.html?spid=274990562                                                                                                                                                                                                                        
79,https://tiki.vn/chuot-khong-day-logitech-b175-dau-thu-usb-2-4ghz-pin-1-nam-nho-gon-thiet-ke-thuan-ca-2-tay-phu-hop-pc-laptop-hang-chinh-hang-p389145.html?spid=101360268                                                                                                                                                     
80,https://tiki.vn/chuot-khong-day-logitech-m220-silent-hang-chinh-hang-p4312979.html?spid=4312981                                                                                                                                                                                                                              
81,https://tiki.vn/chuot-khong-day-logitech-m330-silent-plus-hang-chinh-hang-p10197363.html?spid=10197365                                                                                                                                                                                                                       
82,https://tiki.vn/chuot-co-day-logitech-b100-hang-chinh-hang-p356188.html?spid=49932                                                                                                                                                                                                                                           
83,https://tiki.vn/may-say-toc-nagakawa-nag1606-2000w-hang-chinh-hang-p33494720.html?spid=274813840                                                                                                                                                                                                                             
84,https://tiki.vn/tang-gau-bong-to-bo-2-lon-sua-bot-nestle-nan-optipro-plus-4-800g-lon-voi-5hmo-giup-tieu-hoa-tot-p276105953.html?spid=276105954                                                                                                                                                                               
85,https://tiki.vn/tang-gau-bong-to-sua-bot-nestle-nan-optipro-plus-4-1500g-lon-voi-5hmo-giup-tieu-hoa-tot-p276105949.html?spid=276105950                                                                                                                                                                                       
86,https://tiki.vn/sua-bot-nan-infinipro-a2-thuy-si-2-800g-voi-su-ket-hop-doc-dao-giua-dam-quy-a2-va-5hmo-12-24-thang-p168662079.html?spid=168662080                                                                                                                                                                            
87,https://tiki.vn/sua-bot-nestle-nan-infinipro-a2-1-cho-tre-tu-0-12-thang-tuoi-hop-800g-nhap-khau-nguyen-lon-tu-thuy-sy-p168663291.html?spid=168663292                                                                                                                                                                         
88,https://tiki.vn/sua-bot-nestle-nan-optipro-plus-1-800g-lon-voi-5hmo-san-xuat-tai-thuy-si-0-6-thang-p247427699.html?spid=247427700                                                                                                                                                                                            
89,https://tiki.vn/sua-bot-nestle-nan-optipro-plus-2-800g-lon-voi-5hmo-san-xuat-tai-thuy-si-6-12-thang-p247427686.html?spid=247427689                                                                                                                                                                                           
90,https://tiki.vn/sua-bot-nestle-nan-optipro-plus-3-1500g-lon-voi-5hmo-1-2-tuoi-p247427687.html?spid=247427690                                                                                                                                                                                                                 
91,https://tiki.vn/tang-may-say-toc-sunhouse-sua-bot-nestle-nan-optipro-plus-4-1500g-lon-voi-5hmo-giup-tieu-hoa-tot-p276105947.html?spid=276105948                                                                                                                                                                              
92,https://tiki.vn/set-5-bit-goc-ban-ghe-silicon-trong-suot-kem-keo-2-mat-bo-goc-chong-va-cham-an-toan-cho-tre-em-p208189011.html?spid=208189013                                                                                                                                                                                
93,https://tiki.vn/sua-rua-mat-cho-nam-oxy-sach-sau-mat-lanh-dang-kem-oxy-perfect-wash-100g-p22052325.html?spid=22052326                                                                                                                                                                                                        
94,https://tiki.vn/sua-bot-abbott-pediasure-800g-cho-tre-tu-1-10-tuoi-p274855363.html?spid=274855364                                                                                                                                                                                                                            
95,https://tiki.vn/sua-bot-abbott-pediasure-1-6kg-cho-tre-tu-1-10-tuoi-p24028050.html?spid=24028051                                                                                                                                                                                                                             
96,https://tiki.vn/may-cao-rau-du-lich-philips-pq206-p178462936.html?spid=274180081                                                                                                                                                                                                                                             
97,https://tiki.vn/may-cao-rau-kho-va-uot-philips-s1103-02-hang-chinh-hang-p162841495.html?spid=162841496                                                                                                                                                                                                                       
98,https://tiki.vn/ban-ui-kho-philips-hd1172-01-1000w-hang-chinh-hang-p392067.html?spid=92969                                                                                                                                                                                                                                   
99,https://tiki.vn/chuot-khong-day-bluetooth-pix-link-p100b-chong-on-dpi-1600-che-do-kep-wireless-usb-2-4ghz-bluetooth-hang-chinh-hang-p174593860.html?spid=174593870                                                                                                                                                           
100,https://tiki.vn/gia-do-laptop-nhom-gap-gon-laptop-stand-dung-cho-may-tu-11-15-inch-co-the-dieu-chinh-goc-nhin-cao-cap-hang-chinh-hang-p137826483.html?spid=137826484                                                                                                                                                         
101,https://tiki.vn/tai-nghe-nhet-tai-co-day-jack-3-5mm-remax-rm-512-new-package-hang-chinh-hang-p110850007.html?spid=110850012                                                                                                                                                                                                  
102,https://tiki.vn/headphone-tai-nghe-chup-tai-bluetooth-rockspace-o2-ket-noi-khong-day-co-mic-nghe-nhac-lien-tuc-15h-hang-chinh-hang-p135284107.html?spid=135284115                                                                                                                                                            
103,https://tiki.vn/dau-goi-selsun-chong-gau-sach-gau-het-ngua-da-dau-selsun-anti-dandruff-shampoo-100ml-p632680.html?spid=10862721                                                                                                                                                                                              
104,https://tiki.vn/lo-vi-song-sharp-r-208vn-ws-20l-hang-chinh-hang-p48962414.html?spid=48962415                                                                                                                                                                                                                                 
105,https://tiki.vn/noi-com-dien-nap-gai-sharp-ks-181tjv-1-8-l-hang-chinh-hang-p456050.html?spid=163761                                                                                                                                                                                                                          
106,https://tiki.vn/tai-nghe-chup-tai-bluetooth-sony-wh-ch520-hang-chinh-hang-p262059424.html?spid=263692751                                                                                                                                                                                                                     
107,https://tiki.vn/may-lo-c-khong-khi-sunhouse-shd-15ap9715-40w-hang-chinh-hang-p77767851.html?spid=87107068                                                                                                                                                                                                                    
108,https://tiki.vn/no-i-chien-khong-da-u-5-5l-sunhouse-shd4022-hang-chinh-hang-p274160498.html?spid=274160499                                                                                                                                                                                                                   
109,https://tiki.vn/am-sieu-toc-inox-happy-time-sunhouse-htd1081-1-8-lit-hang-chinh-hang-p684651.html?spid=685494                                                                                                                                                                                                                
110,https://tiki.vn/am-dun-sieu-toc-inox-2-lop-sunhouse-shd1351-1-8-lit-hang-chinh-hang-p102432143.html?spid=102432144                                                                                                                                                                                                           
111,https://tiki.vn/quat-de-ban-kep-tich-dien-mini-dung-luong-pin-3000mah-5-toc-do-gio-tich-hop-den-ngu-va-man-hinh-led-hang-chinh-hang-tamayoko-p263119901.html?spid=263119907                                                                                                                                                  
112,https://tiki.vn/ca-phe-dak-lak-lam-sach-da-chet-mat-cocoon-150ml-p276003895.html?spid=276003896                                                                                                                                                                                                                              
113,https://tiki.vn/day-dan-tien-loi-velcro-lam-gon-day-sac-day-tai-nghe-ugreen-50370-hang-chinh-hang-p91189740.html?spid=91189773                                                                                                                                                                                               
114,https://tiki.vn/kinh-cuong-luc-kingkong-co-khung-tu-dan-ngan-bui-loa-danh-cho-iphone-full-hop-dan-full-man-hang-chinh-hang-p227746564.html?spid=276285876                                                                                                                                                                    
