seller_url,seller_name
https://tiki.vn/cua-hang/ama-store?source_screen=product_detail&source_engine=organic,AMA Store
https://tiki.vn/cua-hang/art-h-store?source_screen=product_detail&source_engine=organic,Art H Store
https://tiki.vn/cua-hang/az-house?source_screen=product_detail&source_engine=organic,AZ HOUSE
https://tiki.vn/cua-hang/damas-official-store-?source_screen=product_detail&source_engine=organic,DAMAS Official Store
https://tiki.vn/cua-hang/firo-official-store?source_screen=product_detail&source_engine=organic,FIRO OFFICIAL STORE
https://tiki.vn/cua-hang/ghe-nam-viet?source_screen=product_detail&source_engine=organic,Ghế Nam Việt
https://tiki.vn/cua-hang/huy-hung-afast?source_screen=product_detail&source_engine=organic,HUY HÙNG AFAST
https://tiki.vn/cua-hang/icybernet?source_screen=product_detail&source_engine=organic,iCybernet Official Store
https://tiki.vn/cua-hang/kidos?source_screen=product_detail&source_engine=organic,HXSJ Official Store
https://tiki.vn/cua-hang/lien-minh-1974?source_screen=product_detail&source_engine=organic,Liên Minh 1974
https://tiki.vn/cua-hang/logitech-official-store?source_screen=product_detail&source_engine=organic,Logitech Official Store
https://tiki.vn/cua-hang/phu-kien-cho-ban-07?source_screen=product_detail&source_engine=organic,Phụ kiện cho bạn 07
https://tiki.vn/cua-hang/pixlink-office-store?source_screen=product_detail&source_engine=organic,Pixlink Office Store
https://tiki.vn/cua-hang/tadavietnam?source_screen=product_detail&source_engine=organic,Tadavietnam
https://tiki.vn/cua-hang/taka-phu-kien-so?source_screen=product_detail&source_engine=organic,TAKA Phụ Kiện Số
https://tiki.vn/cua-hang/tamayoko-official?source_screen=product_detail&source_engine=organic,Tamayoko Official
https://tiki.vn/cua-hang/tiki-trading?source_screen=product_detail&source_engine=organic,Tiki Trading
https://tiki.vn/cua-hang/ugreen-official-store?source_screen=product_detail&source_engine=organic,Ugreen Official Store
NA,NA
